ALTER TABLE `GHEALTH_AUTHORITY` ADD COLUMN `CODE`  varchar(128) UNIQUE COMMENT '权限编号'  AFTER `PARENT_ID`;

# 资源表
DROP TABLE IF EXISTS `GHEALTH_RESOURCE`;
CREATE TABLE `GHEALTH_RESOURCE`
(
    `ID`                varchar(64)         NOT NULL        COMMENT '主键',
    `NAME`              varchar(128)        NOT NULL,
    `URI`               varchar(256)        NOT NULL,
    CONSTRAINT PK_RESOURCE PRIMARY KEY (`ID`)
)
;
ALTER TABLE `GHEALTH_RESOURCE` COMMENT '资源表';

# 权限资源关联表
DROP TABLE IF EXISTS `GHEALTH_AUTHORITY_RESOURCE`;
CREATE TABLE `GHEALTH_AUTHORITY_RESOURCE`
(
    `AUTHORITY_ID`      varchar(64)         NOT NULL,
    `RESOURCE_ID`       varchar(64)         NOT NULL
)
;
ALTER TABLE `GHEALTH_AUTHORITY_RESOURCE` COMMENT '权限资源关联表';

# 系统管理
INSERT INTO `GHEALTH_AUTHORITY` (`ID`, `PARENT_ID`, `CODE`, `NAME`, `SORT`) VALUES ('03d66ff72b1244829ae12529e07e3fea', NULL, 'SYSYTEM', '系统管理', 5);

# 用户管理
INSERT INTO `GHEALTH_AUTHORITY` (`ID`, `PARENT_ID`, `CODE`, `NAME`, `SORT`) VALUES ('03ee07a97f68449d8ad2cbea19a73462', '03d66ff72b1244829ae12529e07e3fea', 'SYSTEM.USER', '用户管理', 1);
INSERT INTO `GHEALTH_AUTHORITY` (`ID`, `PARENT_ID`, `CODE`, `NAME`, `SORT`) VALUES ('04ee1b0fc41e432b8ff874a6e0b347d8', '03ee07a97f68449d8ad2cbea19a73462', 'SYSTEM.USER.CREATE', '新增用户', 1);
INSERT INTO `GHEALTH_AUTHORITY` (`ID`, `PARENT_ID`, `CODE`, `NAME`, `SORT`) VALUES ('0523837cfcf542359b3f0adbc9f9cb48', '03ee07a97f68449d8ad2cbea19a73462', 'SYSTEM.USER.MODIFY', '修改用户', 2);
INSERT INTO `GHEALTH_AUTHORITY` (`ID`, `PARENT_ID`, `CODE`, `NAME`, `SORT`) VALUES ('054fa22240014b798852afce7e245e2b', '03ee07a97f68449d8ad2cbea19a73462', 'SYSTEM.USER.DELETE', '删除用户', 3);
INSERT INTO `GHEALTH_AUTHORITY` (`ID`, `PARENT_ID`, `CODE`, `NAME`, `SORT`) VALUES ('05a7fa2cc9384158bc38eb2424c8d382', '03ee07a97f68449d8ad2cbea19a73462', 'SYSTEM.USER.DISPLAY', '查询用户', 4);

INSERT INTO `GHEALTH_RESOURCE` (`ID`, `NAME`, `URI`) VALUES ('0a1b08e26c01490590ac58ea44128e9a', '新增用户', '/user/create.jsp');
INSERT INTO `GHEALTH_RESOURCE` (`ID`, `NAME`, `URI`) VALUES ('0a1b5a7c2678488c8230941b15ca14aa', '修改用户', '/user/modify.jsp');
INSERT INTO `GHEALTH_RESOURCE` (`ID`, `NAME`, `URI`) VALUES ('0a352115a92047efa574fb5c73bc4407', '删除用户', '/user/delete.jsp');
INSERT INTO `GHEALTH_RESOURCE` (`ID`, `NAME`, `URI`) VALUES ('0a831c596e5f460bb9ebbfb2ed27beaa', '用户列表', '/user/list.jsp');

INSERT INTO `GHEALTH_AUTHORITY_RESOURCE` (`AUTHORITY_ID`, `RESOURCE_ID`) VALUES ('04ee1b0fc41e432b8ff874a6e0b347d8', '0a1b08e26c01490590ac58ea44128e9a');
INSERT INTO `GHEALTH_AUTHORITY_RESOURCE` (`AUTHORITY_ID`, `RESOURCE_ID`) VALUES ('0523837cfcf542359b3f0adbc9f9cb48', '0a1b5a7c2678488c8230941b15ca14aa');
INSERT INTO `GHEALTH_AUTHORITY_RESOURCE` (`AUTHORITY_ID`, `RESOURCE_ID`) VALUES ('054fa22240014b798852afce7e245e2b', '0a352115a92047efa574fb5c73bc4407');
INSERT INTO `GHEALTH_AUTHORITY_RESOURCE` (`AUTHORITY_ID`, `RESOURCE_ID`) VALUES ('05a7fa2cc9384158bc38eb2424c8d382', '0a831c596e5f460bb9ebbfb2ed27beaa');

# 角色管理
INSERT INTO `GHEALTH_AUTHORITY` (`ID`, `PARENT_ID`, `CODE`, `NAME`, `SORT`) VALUES ('16dd09b171a554d0a8664adfc6e5bd9a', '03d66ff72b1244829ae12529e07e3fea', 'SYSTEM.ROLE', '角色管理', 2);
INSERT INTO `GHEALTH_AUTHORITY` (`ID`, `PARENT_ID`, `CODE`, `NAME`, `SORT`) VALUES ('d34cb5d08b925690b6944c37643bad29', '16dd09b171a554d0a8664adfc6e5bd9a', 'SYSTEM.ROLE.CREATE', '新增角色', 1);
INSERT INTO `GHEALTH_AUTHORITY` (`ID`, `PARENT_ID`, `CODE`, `NAME`, `SORT`) VALUES ('98c9b9affb875ac2b6ad7f0f7d9f7f0c', '16dd09b171a554d0a8664adfc6e5bd9a', 'SYSTEM.ROLE.MODIFY', '修改角色', 2);
INSERT INTO `GHEALTH_AUTHORITY` (`ID`, `PARENT_ID`, `CODE`, `NAME`, `SORT`) VALUES ('b07d3212efa15f2d8271163fcd7c17c3', '16dd09b171a554d0a8664adfc6e5bd9a', 'SYSTEM.ROLE.DELETE', '删除角色', 3);
INSERT INTO `GHEALTH_AUTHORITY` (`ID`, `PARENT_ID`, `CODE`, `NAME`, `SORT`) VALUES ('1182ff669d3a5cfd92de1be45dbe1fdb', '16dd09b171a554d0a8664adfc6e5bd9a', 'SYSTEM.ROLE.DISPLAY', '查询角色', 4);
INSERT INTO `GHEALTH_AUTHORITY` (`ID`, `PARENT_ID`, `CODE`, `NAME`, `SORT`) VALUES ('14a22e243d955d13b4b912c208c2a601', '16dd09b171a554d0a8664adfc6e5bd9a', 'SYSTEM.ROLE.ADDUSER', '增加用户', 5);


INSERT INTO `GHEALTH_RESOURCE` (`ID`, `NAME`, `URI`) VALUES ('1894ff1becb05498b966e29fa975a5d7', '新增角色', '/role/create.jsp');
INSERT INTO `GHEALTH_RESOURCE` (`ID`, `NAME`, `URI`) VALUES ('26d9a3a84b3c529db9147bf5f8fa39d8', '修改角色', '/role/modify.jsp');
INSERT INTO `GHEALTH_RESOURCE` (`ID`, `NAME`, `URI`) VALUES ('8d1d3948338e5586a64574d30f786f52', '删除角色', '/role/delete.jsp');
INSERT INTO `GHEALTH_RESOURCE` (`ID`, `NAME`, `URI`) VALUES ('5e9578805c4b5fa9ae88f29cae89e171', '角色列表', '/role/list.jsp');
INSERT INTO `GHEALTH_RESOURCE` (`ID`, `NAME`, `URI`) VALUES ('cf71bed717ef52e49ea511083ad1bb54', '添加用户', '/role/addUser_form.jsp');


INSERT INTO `GHEALTH_AUTHORITY_RESOURCE` (`AUTHORITY_ID`, `RESOURCE_ID`) VALUES ('d34cb5d08b925690b6944c37643bad29', '1894ff1becb05498b966e29fa975a5d7');
INSERT INTO `GHEALTH_AUTHORITY_RESOURCE` (`AUTHORITY_ID`, `RESOURCE_ID`) VALUES ('98c9b9affb875ac2b6ad7f0f7d9f7f0c', '26d9a3a84b3c529db9147bf5f8fa39d8');
INSERT INTO `GHEALTH_AUTHORITY_RESOURCE` (`AUTHORITY_ID`, `RESOURCE_ID`) VALUES ('b07d3212efa15f2d8271163fcd7c17c3', '8d1d3948338e5586a64574d30f786f52');
INSERT INTO `GHEALTH_AUTHORITY_RESOURCE` (`AUTHORITY_ID`, `RESOURCE_ID`) VALUES ('1182ff669d3a5cfd92de1be45dbe1fdb', '5e9578805c4b5fa9ae88f29cae89e171');
INSERT INTO `GHEALTH_AUTHORITY_RESOURCE` (`AUTHORITY_ID`, `RESOURCE_ID`) VALUES ('14a22e243d955d13b4b912c208c2a601', 'cf71bed717ef52e49ea511083ad1bb54');


# 数据字典
INSERT INTO `GHEALTH_AUTHORITY` (`ID`, `PARENT_ID`, `CODE`, `NAME`, `SORT`) VALUES ('d6a99088d11f5c93948e95a171904b50', '03d66ff72b1244829ae12529e07e3fea', 'SYSTEM.DICT', '数据字典', 4);
INSERT INTO `GHEALTH_AUTHORITY` (`ID`, `PARENT_ID`, `CODE`, `NAME`, `SORT`) VALUES ('7032fae63f765d41a0dff364abbff93c', 'd6a99088d11f5c93948e95a171904b50', 'SYSTEM.DICT.MODIFY', '修改数据', 1);
INSERT INTO `GHEALTH_AUTHORITY` (`ID`, `PARENT_ID`, `CODE`, `NAME`, `SORT`) VALUES ('672b58f113cb551abdf2d9255c85f578', 'd6a99088d11f5c93948e95a171904b50', 'SYSTEM.DICT.DISPLAY', '查询数据', 2);



INSERT INTO `GHEALTH_RESOURCE` (`ID`, `NAME`, `URI`) VALUES ('e769743a8ee65355b4f5a894b3cff869', '修改数据字典', '/dict/modify.jsp');
INSERT INTO `GHEALTH_RESOURCE` (`ID`, `NAME`, `URI`) VALUES ('02738887922440cdb8026df2b22a7b7b', '修改数据字典', '/dict/change.jsp');
INSERT INTO `GHEALTH_RESOURCE` (`ID`, `NAME`, `URI`) VALUES ('75ab6c7139ff51c3bd0220c72eaa6fd7', '数据字典列表', '/dict/list.jsp');
INSERT INTO `GHEALTH_RESOURCE` (`ID`, `NAME`, `URI`) VALUES ('92470ea212e750b88844b7a5bfba3948', '数据字典详情', '/dict/display.jsp');


INSERT INTO `GHEALTH_AUTHORITY_RESOURCE` (`AUTHORITY_ID`, `RESOURCE_ID`) VALUES ('7032fae63f765d41a0dff364abbff93c', 'e769743a8ee65355b4f5a894b3cff869');
INSERT INTO `GHEALTH_AUTHORITY_RESOURCE` (`AUTHORITY_ID`, `RESOURCE_ID`) VALUES ('7032fae63f765d41a0dff364abbff93c', '02738887922440cdb8026df2b22a7b7b');
INSERT INTO `GHEALTH_AUTHORITY_RESOURCE` (`AUTHORITY_ID`, `RESOURCE_ID`) VALUES ('672b58f113cb551abdf2d9255c85f578', '75ab6c7139ff51c3bd0220c72eaa6fd7');
INSERT INTO `GHEALTH_AUTHORITY_RESOURCE` (`AUTHORITY_ID`, `RESOURCE_ID`) VALUES ('672b58f113cb551abdf2d9255c85f578', '92470ea212e750b88844b7a5bfba3948');

# 系统参数
INSERT INTO `GHEALTH_AUTHORITY` (`ID`, `PARENT_ID`, `CODE`, `NAME`, `SORT`) VALUES ('1fea6a5e12594d36a7f682375f0a4eea', '03d66ff72b1244829ae12529e07e3fea', 'SYSTEM.CONFIG', '系统参数', 3);
INSERT INTO `GHEALTH_AUTHORITY` (`ID`, `PARENT_ID`, `CODE`, `NAME`, `SORT`) VALUES ('feff11e018a24871a7f7caf0fe83f5b5', '1fea6a5e12594d36a7f682375f0a4eea', 'SYSTEM.CONFIG.MODIFY', '修改参数', 1);
INSERT INTO `GHEALTH_AUTHORITY` (`ID`, `PARENT_ID`, `CODE`, `NAME`, `SORT`) VALUES ('e8e2d37450574635ba0b5c0db56202ac', '1fea6a5e12594d36a7f682375f0a4eea', 'SYSTEM.CONFIG.DISPLAY', '查询参数', 2);



INSERT INTO `GHEALTH_RESOURCE` (`ID`, `NAME`, `URI`) VALUES ('253bc3c53c1f4119b244df47b9fa0ea5', '修改数据字典', '/config/modify.jsp');
INSERT INTO `GHEALTH_RESOURCE` (`ID`, `NAME`, `URI`) VALUES ('8c15381bcd054241b462a43c613dde90', '数据字典列表', '/config/list.jsp');


INSERT INTO `GHEALTH_AUTHORITY_RESOURCE` (`AUTHORITY_ID`, `RESOURCE_ID`) VALUES ('feff11e018a24871a7f7caf0fe83f5b5', '253bc3c53c1f4119b244df47b9fa0ea5');
INSERT INTO `GHEALTH_AUTHORITY_RESOURCE` (`AUTHORITY_ID`, `RESOURCE_ID`) VALUES ('e8e2d37450574635ba0b5c0db56202ac', '8c15381bcd054241b462a43c613dde90');


# 业务管理
INSERT INTO `GHEALTH_AUTHORITY` (`ID`, `PARENT_ID`, `CODE`, `NAME`, `SORT`) VALUES ('846a4ade6e344a51a0b78f7c6172dc9b', NULL, 'BUSINESS', '业务管理', 1);

# 客户管理
INSERT INTO `GHEALTH_AUTHORITY` (`ID`, `PARENT_ID`, `CODE`, `NAME`, `SORT`) VALUES ('5b2e6decc76f4d2bb1591c3580cc261a', '846a4ade6e344a51a0b78f7c6172dc9b', 'BUSINESS.CUSTOMER', '客户管理', 1);
INSERT INTO `GHEALTH_AUTHORITY` (`ID`, `PARENT_ID`, `CODE`, `NAME`, `SORT`) VALUES ('ca236a5fedb14f6aa276612f539a687c', '5b2e6decc76f4d2bb1591c3580cc261a', 'BUSINESS.CUSTOMER.MODIFY', '修改客户', 1);
INSERT INTO `GHEALTH_AUTHORITY` (`ID`, `PARENT_ID`, `CODE`, `NAME`, `SORT`) VALUES ('f03287892d8b427f9f9b3b955df447bf', '5b2e6decc76f4d2bb1591c3580cc261a', 'BUSINESS.CUSTOMER.DELETE', '删除客户', 2);
INSERT INTO `GHEALTH_AUTHORITY` (`ID`, `PARENT_ID`, `CODE`, `NAME`, `SORT`) VALUES ('2c12e25f922f4944be69877c5fc55989', '5b2e6decc76f4d2bb1591c3580cc261a', 'BUSINESS.CUSTOMER.DISPLAY', '查询客户', 3);


INSERT INTO `GHEALTH_RESOURCE` (`ID`, `NAME`, `URI`) VALUES ('18afeeaa181341b1b9d9a15d20a85129', '修改用户', '/customer/modify.jsp');
INSERT INTO `GHEALTH_RESOURCE` (`ID`, `NAME`, `URI`) VALUES ('d56f4c408aea4d74bce29f6dcef44617', '删除用户', '/customer/delete.jsp');
INSERT INTO `GHEALTH_RESOURCE` (`ID`, `NAME`, `URI`) VALUES ('e607b535df934cd0a8d1fa9a32b410d9', '用户列表', '/customer/list.jsp');
INSERT INTO `GHEALTH_RESOURCE` (`ID`, `NAME`, `URI`) VALUES ('0d5fe0297ca54bd79b5de1c8aa0137a4', '用户详情', '/customer/display.jsp');


INSERT INTO `GHEALTH_AUTHORITY_RESOURCE` (`AUTHORITY_ID`, `RESOURCE_ID`) VALUES ('ca236a5fedb14f6aa276612f539a687c', '18afeeaa181341b1b9d9a15d20a85129');
INSERT INTO `GHEALTH_AUTHORITY_RESOURCE` (`AUTHORITY_ID`, `RESOURCE_ID`) VALUES ('f03287892d8b427f9f9b3b955df447bf', 'd56f4c408aea4d74bce29f6dcef44617');
INSERT INTO `GHEALTH_AUTHORITY_RESOURCE` (`AUTHORITY_ID`, `RESOURCE_ID`) VALUES ('2c12e25f922f4944be69877c5fc55989', 'e607b535df934cd0a8d1fa9a32b410d9');
INSERT INTO `GHEALTH_AUTHORITY_RESOURCE` (`AUTHORITY_ID`, `RESOURCE_ID`) VALUES ('2c12e25f922f4944be69877c5fc55989', '0d5fe0297ca54bd79b5de1c8aa0137a4');



# 订单管理
INSERT INTO `GHEALTH_AUTHORITY` (`ID`, `PARENT_ID`, `CODE`, `NAME`, `SORT`) VALUES ('c060754f263646949d2a0ea0d59d34e4', '846a4ade6e344a51a0b78f7c6172dc9b', 'BUSINESS.ORDER', '订单管理', 2);
INSERT INTO `GHEALTH_AUTHORITY` (`ID`, `PARENT_ID`, `CODE`, `NAME`, `SORT`) VALUES ('3e3b9581729d43499c374bbd8ff0289b', 'c060754f263646949d2a0ea0d59d34e4', 'BUSINESS.ORDER.GENERATE', '生成报告', 1);
INSERT INTO `GHEALTH_AUTHORITY` (`ID`, `PARENT_ID`, `CODE`, `NAME`, `SORT`) VALUES ('cb1651c184bb49ff9b07b53e3c293f9e', 'c060754f263646949d2a0ea0d59d34e4', 'BUSINESS.ORDER.DERIVATE', '导出订单', 2);
INSERT INTO `GHEALTH_AUTHORITY` (`ID`, `PARENT_ID`, `CODE`, `NAME`, `SORT`) VALUES ('2748d565a74a401398fff38eeaa29045', 'c060754f263646949d2a0ea0d59d34e4', 'BUSINESS.ORDER.DISPLAY', '查询订单', 3);


INSERT INTO `GHEALTH_RESOURCE` (`ID`, `NAME`, `URI`) VALUES ('837a428e5a244c8996c68573be2c17ae', '批量生成报告', '/order/showCanReportOrders.jsp');
INSERT INTO `GHEALTH_RESOURCE` (`ID`, `NAME`, `URI`) VALUES ('563c47ba47654be9bd70894acd3fa2bc', '报告', '/order/report_dialog.jsp');
INSERT INTO `GHEALTH_RESOURCE` (`ID`, `NAME`, `URI`) VALUES ('f96fac5a1af74207a06347d817c82f79', '导出订单', '/order/downloadReport.jsp');
INSERT INTO `GHEALTH_RESOURCE` (`ID`, `NAME`, `URI`) VALUES ('6c9748f268044b15a60f5956184e4adf', '用户列表', '/order/list.jsp');
INSERT INTO `GHEALTH_RESOURCE` (`ID`, `NAME`, `URI`) VALUES ('119472aa4ea7496aa9e38b18b00f164e', '用户详情', '/order/display.jsp');


INSERT INTO `GHEALTH_AUTHORITY_RESOURCE` (`AUTHORITY_ID`, `RESOURCE_ID`) VALUES ('3e3b9581729d43499c374bbd8ff0289b', '837a428e5a244c8996c68573be2c17ae');
INSERT INTO `GHEALTH_AUTHORITY_RESOURCE` (`AUTHORITY_ID`, `RESOURCE_ID`) VALUES ('3e3b9581729d43499c374bbd8ff0289b', '563c47ba47654be9bd70894acd3fa2bc');
INSERT INTO `GHEALTH_AUTHORITY_RESOURCE` (`AUTHORITY_ID`, `RESOURCE_ID`) VALUES ('cb1651c184bb49ff9b07b53e3c293f9e', 'f96fac5a1af74207a06347d817c82f79');
INSERT INTO `GHEALTH_AUTHORITY_RESOURCE` (`AUTHORITY_ID`, `RESOURCE_ID`) VALUES ('2748d565a74a401398fff38eeaa29045', '6c9748f268044b15a60f5956184e4adf');
INSERT INTO `GHEALTH_AUTHORITY_RESOURCE` (`AUTHORITY_ID`, `RESOURCE_ID`) VALUES ('2748d565a74a401398fff38eeaa29045', '119472aa4ea7496aa9e38b18b00f164e');

# 检测数据
INSERT INTO `GHEALTH_AUTHORITY` (`ID`, `PARENT_ID`, `CODE`, `NAME`, `SORT`) VALUES ('a395703bea174dcf99c1995086f745b2', '846a4ade6e344a51a0b78f7c6172dc9b', 'BUSINESS.DATAUPLOAD', '检测数据', 3);
INSERT INTO `GHEALTH_AUTHORITY` (`ID`, `PARENT_ID`, `CODE`, `NAME`, `SORT`) VALUES ('a598810312004282b5ac22470e3dc7c0', 'a395703bea174dcf99c1995086f745b2', 'BUSINESS.DATAUPLOAD.UPLOAD', '上传数据', 1);
INSERT INTO `GHEALTH_AUTHORITY` (`ID`, `PARENT_ID`, `CODE`, `NAME`, `SORT`) VALUES ('5ace7b7b031d4df9b12dcc70cbdc3aa5', 'a395703bea174dcf99c1995086f745b2', 'BUSINESS.DATAUPLOAD.DOWNLOAD', '下载数据', 2);
INSERT INTO `GHEALTH_AUTHORITY` (`ID`, `PARENT_ID`, `CODE`, `NAME`, `SORT`) VALUES ('e27ec271fc844f2e9d49be718d07912b', 'a395703bea174dcf99c1995086f745b2', 'BUSINESS.DATAUPLOAD.DISPLAY', '查询数据', 3);


INSERT INTO `GHEALTH_RESOURCE` (`ID`, `NAME`, `URI`) VALUES ('b8382f5a1cad48c39e532af1037778d4', '上传数据', '/dataupload/upload.jsp');
INSERT INTO `GHEALTH_RESOURCE` (`ID`, `NAME`, `URI`) VALUES ('fe09b08ff31d40ad97879029e5dcfb45', '上传数据', '/dataupload/parse.jsp');
INSERT INTO `GHEALTH_RESOURCE` (`ID`, `NAME`, `URI`) VALUES ('0ad79f23c30f481783d8a85897faf84f', '下载数据', '/dataupload/download.jsp');
INSERT INTO `GHEALTH_RESOURCE` (`ID`, `NAME`, `URI`) VALUES ('2e90bbf22a904f51856072452d0827dc', '数据列表', '/dataupload/list.jsp');

INSERT INTO `GHEALTH_AUTHORITY_RESOURCE` (`AUTHORITY_ID`, `RESOURCE_ID`) VALUES ('a598810312004282b5ac22470e3dc7c0', 'b8382f5a1cad48c39e532af1037778d4');
INSERT INTO `GHEALTH_AUTHORITY_RESOURCE` (`AUTHORITY_ID`, `RESOURCE_ID`) VALUES ('a598810312004282b5ac22470e3dc7c0', 'fe09b08ff31d40ad97879029e5dcfb45');
INSERT INTO `GHEALTH_AUTHORITY_RESOURCE` (`AUTHORITY_ID`, `RESOURCE_ID`) VALUES ('5ace7b7b031d4df9b12dcc70cbdc3aa5', '0ad79f23c30f481783d8a85897faf84f');
INSERT INTO `GHEALTH_AUTHORITY_RESOURCE` (`AUTHORITY_ID`, `RESOURCE_ID`) VALUES ('e27ec271fc844f2e9d49be718d07912b', '2e90bbf22a904f51856072452d0827dc');




# 样本签收
INSERT INTO `GHEALTH_AUTHORITY` (`ID`, `PARENT_ID`, `CODE`, `NAME`, `SORT`) VALUES ('211f287afe554976baf56f6352a4570c', '846a4ade6e344a51a0b78f7c6172dc9b', 'BUSINESS.SAMPLE', '样本签收', 4);
INSERT INTO `GHEALTH_AUTHORITY` (`ID`, `PARENT_ID`, `CODE`, `NAME`, `SORT`) VALUES ('30707d90afa549b0be6e7658247e1621', '211f287afe554976baf56f6352a4570c', 'BUSINESS.SAMPLE.SIGNIN', '签收', 1);
INSERT INTO `GHEALTH_AUTHORITY` (`ID`, `PARENT_ID`, `CODE`, `NAME`, `SORT`) VALUES ('f41aebc2c8cc4cc78f25e8e574b546bc', '211f287afe554976baf56f6352a4570c', 'BUSINESS.SAMPLE.DISPLAY', '查询数据', 2);


INSERT INTO `GHEALTH_RESOURCE` (`ID`, `NAME`, `URI`) VALUES ('b55ff0b95b324b61843d4efd680aa65e', '手动签收', '/sample/modifyStatus.jsp');
INSERT INTO `GHEALTH_RESOURCE` (`ID`, `NAME`, `URI`) VALUES ('27b50340112c4c3fa786f75ef1ccd6d1', '扫码签收', '/sample/sweepcode.jsp');
INSERT INTO `GHEALTH_RESOURCE` (`ID`, `NAME`, `URI`) VALUES ('6859a9ead8874d26bfc950dea8bb3ac1', '样本签收列表', '/sample/list.jsp');


INSERT INTO `GHEALTH_AUTHORITY_RESOURCE` (`AUTHORITY_ID`, `RESOURCE_ID`) VALUES ('30707d90afa549b0be6e7658247e1621', 'b55ff0b95b324b61843d4efd680aa65e');
INSERT INTO `GHEALTH_AUTHORITY_RESOURCE` (`AUTHORITY_ID`, `RESOURCE_ID`) VALUES ('30707d90afa549b0be6e7658247e1621', '27b50340112c4c3fa786f75ef1ccd6d1');
INSERT INTO `GHEALTH_AUTHORITY_RESOURCE` (`AUTHORITY_ID`, `RESOURCE_ID`) VALUES ('f41aebc2c8cc4cc78f25e8e574b546bc', '6859a9ead8874d26bfc950dea8bb3ac1');



# 样本寄送
INSERT INTO `GHEALTH_AUTHORITY` (`ID`, `PARENT_ID`, `CODE`, `NAME`, `SORT`) VALUES ('ba9861d2824244fb9b9c63902bfb691c', '846a4ade6e344a51a0b78f7c6172dc9b', 'BUSINESS.SAMPLESEND', '样本寄送', 5);
INSERT INTO `GHEALTH_AUTHORITY` (`ID`, `PARENT_ID`, `CODE`, `NAME`, `SORT`) VALUES ('8ebf60c459704c2e976ca4b77db4ff7d', 'ba9861d2824244fb9b9c63902bfb691c', 'BUSINESS.SAMPLESEND.DELIVERY', '寄送', 1);
INSERT INTO `GHEALTH_AUTHORITY` (`ID`, `PARENT_ID`, `CODE`, `NAME`, `SORT`) VALUES ('849e2feef2194a41ba2106955adc0988', 'ba9861d2824244fb9b9c63902bfb691c', 'BUSINESS.SAMPLESEND.DISPLAY', '查询数据', 2);


INSERT INTO `GHEALTH_RESOURCE` (`ID`, `NAME`, `URI`) VALUES ('88e039beb77b47608506d8d1c554ee06', '批量寄送', '/sampleSend/send.jsp');
INSERT INTO `GHEALTH_RESOURCE` (`ID`, `NAME`, `URI`) VALUES ('2765c24340fc4a9fbd5a502f0c65e736', '样本寄送列表', '/sampleSend/list.jsp');


INSERT INTO `GHEALTH_AUTHORITY_RESOURCE` (`AUTHORITY_ID`, `RESOURCE_ID`) VALUES ('8ebf60c459704c2e976ca4b77db4ff7d', '88e039beb77b47608506d8d1c554ee06');
INSERT INTO `GHEALTH_AUTHORITY_RESOURCE` (`AUTHORITY_ID`, `RESOURCE_ID`) VALUES ('849e2feef2194a41ba2106955adc0988', '2765c24340fc4a9fbd5a502f0c65e736');




# 样本签收历史
INSERT INTO `GHEALTH_AUTHORITY` (`ID`, `PARENT_ID`, `CODE`, `NAME`, `SORT`) VALUES ('12967dd969e454c7b9133b8a5c8ca0e6', '846a4ade6e344a51a0b78f7c6172dc9b', 'BUSINESS.SIGNINHISTORY', '签收历史', 6);
INSERT INTO `GHEALTH_AUTHORITY` (`ID`, `PARENT_ID`, `CODE`, `NAME`, `SORT`) VALUES ('61cfdb0d944157068f5184affbf11e43', '12967dd969e454c7b9133b8a5c8ca0e6', 'BUSINESS.SIGNINHISTORY.DISPLAY', '查询数据', 1);


INSERT INTO `GHEALTH_RESOURCE` (`ID`, `NAME`, `URI`) VALUES ('40c3276ba833554ba220dbbecc731179', '样本签收历史详情', '/signInHistory/details.jsp');
INSERT INTO `GHEALTH_RESOURCE` (`ID`, `NAME`, `URI`) VALUES ('47e1358f39585390959253e7bcffa4ed', '样本签收历史列表', '/signInHistory/list.jsp');


INSERT INTO `GHEALTH_AUTHORITY_RESOURCE` (`AUTHORITY_ID`, `RESOURCE_ID`) VALUES ('61cfdb0d944157068f5184affbf11e43', '40c3276ba833554ba220dbbecc731179');
INSERT INTO `GHEALTH_AUTHORITY_RESOURCE` (`AUTHORITY_ID`, `RESOURCE_ID`) VALUES ('61cfdb0d944157068f5184affbf11e43', '47e1358f39585390959253e7bcffa4ed');


# 样本寄送历史
INSERT INTO `GHEALTH_AUTHORITY` (`ID`, `PARENT_ID`, `CODE`, `NAME`, `SORT`) VALUES ('07779adcee125b498dea7aeb563ec20b', '846a4ade6e344a51a0b78f7c6172dc9b', 'BUSINESS.SENDHISTORY', '寄送历史', 7);
INSERT INTO `GHEALTH_AUTHORITY` (`ID`, `PARENT_ID`, `CODE`, `NAME`, `SORT`) VALUES ('9d3a95b1a1c75e7d877e3a1a64e9ee9a', '07779adcee125b498dea7aeb563ec20b', 'BUSINESS.SENDHISTORY.DISPLAY', '查询数据', 1);


INSERT INTO `GHEALTH_RESOURCE` (`ID`, `NAME`, `URI`) VALUES ('86db6c44209451649802f0b0c382505d', '样本寄送历史详情', '/sendHistory/details.jsp');
INSERT INTO `GHEALTH_RESOURCE` (`ID`, `NAME`, `URI`) VALUES ('77ef18b38be556a1b3faf06ef51ee1fb', '样本寄送历史列表', '/sendHistory/list.jsp');


INSERT INTO `GHEALTH_AUTHORITY_RESOURCE` (`AUTHORITY_ID`, `RESOURCE_ID`) VALUES ('9d3a95b1a1c75e7d877e3a1a64e9ee9a', '86db6c44209451649802f0b0c382505d');
INSERT INTO `GHEALTH_AUTHORITY_RESOURCE` (`AUTHORITY_ID`, `RESOURCE_ID`) VALUES ('9d3a95b1a1c75e7d877e3a1a64e9ee9a', '77ef18b38be556a1b3faf06ef51ee1fb');



# 代理管理
INSERT INTO `GHEALTH_AUTHORITY` (`ID`, `PARENT_ID`, `CODE`, `NAME`, `SORT`) VALUES ('1ed9671a560152dcbeaed348380b2cac', NULL, 'AGENCY', '代理管理', 2);

# 代理机构
INSERT INTO `GHEALTH_AUTHORITY` (`ID`, `PARENT_ID`, `CODE`, `NAME`, `SORT`) VALUES ('b1795f5f9f8255bb9ff6f6b0fc6ebb6c', '1ed9671a560152dcbeaed348380b2cac', 'AGENCY.AGENCY', '代理机构', 1);
INSERT INTO `GHEALTH_AUTHORITY` (`ID`, `PARENT_ID`, `CODE`, `NAME`, `SORT`) VALUES ('31638e79a3d65017a67e475f98300999', 'b1795f5f9f8255bb9ff6f6b0fc6ebb6c', 'AGENCY.AGENCY.CREATE', '新增代理机构', 1);
INSERT INTO `GHEALTH_AUTHORITY` (`ID`, `PARENT_ID`, `CODE`, `NAME`, `SORT`) VALUES ('b50c46f6abdd553a84c9350ae4e2c14d', 'b1795f5f9f8255bb9ff6f6b0fc6ebb6c', 'AGENCY.AGENCY.MODIFY', '修改代理机构', 2);
INSERT INTO `GHEALTH_AUTHORITY` (`ID`, `PARENT_ID`, `CODE`, `NAME`, `SORT`) VALUES ('020d86620de6549dac7a0e0c2ccddf9b', 'b1795f5f9f8255bb9ff6f6b0fc6ebb6c', 'AGENCY.AGENCY.DELETE', '删除代理机构', 3);
INSERT INTO `GHEALTH_AUTHORITY` (`ID`, `PARENT_ID`, `CODE`, `NAME`, `SORT`) VALUES ('d400e636045e560ca9df90f60d01222e', 'b1795f5f9f8255bb9ff6f6b0fc6ebb6c', 'AGENCY.AGENCY.DISPLAY', '查询代理机构', 4);
INSERT INTO `GHEALTH_AUTHORITY` (`ID`, `PARENT_ID`, `CODE`, `NAME`, `SORT`) VALUES ('159b51ced6f454569b33c7da5ad71049', 'b1795f5f9f8255bb9ff6f6b0fc6ebb6c', 'AGENCY.AGENCY.RECHARGE', '充值', 5);

INSERT INTO `GHEALTH_RESOURCE` (`ID`, `NAME`, `URI`) VALUES ('20564d68bf40521db74ca138b653e235', '新增代理机构', '/agency/create.jsp');
INSERT INTO `GHEALTH_RESOURCE` (`ID`, `NAME`, `URI`) VALUES ('d32ae873fad05bd2a78f8c9cd1f36443', '修改代理机构', '/agency/modify.jsp');
INSERT INTO `GHEALTH_RESOURCE` (`ID`, `NAME`, `URI`) VALUES ('958bebfc6614569eabd5d7ac4a292463', '删除代理机构', '/agency/delete.jsp');
INSERT INTO `GHEALTH_RESOURCE` (`ID`, `NAME`, `URI`) VALUES ('298d189f31a250519659234f54c7b51a', '代理机构列表', '/agency/list.jsp');
INSERT INTO `GHEALTH_RESOURCE` (`ID`, `NAME`, `URI`) VALUES ('7b612a4fba09501e8cbe3fada9729c5b', '代理机构详情', '/agency/display.jsp');
INSERT INTO `GHEALTH_RESOURCE` (`ID`, `NAME`, `URI`) VALUES ('47f082146be55f448c77d55d0bc81cbe', '代理机构充值', '/agency/recharge.jsp');


INSERT INTO `GHEALTH_AUTHORITY_RESOURCE` (`AUTHORITY_ID`, `RESOURCE_ID`) VALUES ('31638e79a3d65017a67e475f98300999', '20564d68bf40521db74ca138b653e235');
INSERT INTO `GHEALTH_AUTHORITY_RESOURCE` (`AUTHORITY_ID`, `RESOURCE_ID`) VALUES ('b50c46f6abdd553a84c9350ae4e2c14d', 'd32ae873fad05bd2a78f8c9cd1f36443');
INSERT INTO `GHEALTH_AUTHORITY_RESOURCE` (`AUTHORITY_ID`, `RESOURCE_ID`) VALUES ('020d86620de6549dac7a0e0c2ccddf9b', '958bebfc6614569eabd5d7ac4a292463');
INSERT INTO `GHEALTH_AUTHORITY_RESOURCE` (`AUTHORITY_ID`, `RESOURCE_ID`) VALUES ('d400e636045e560ca9df90f60d01222e', '298d189f31a250519659234f54c7b51a');
INSERT INTO `GHEALTH_AUTHORITY_RESOURCE` (`AUTHORITY_ID`, `RESOURCE_ID`) VALUES ('d400e636045e560ca9df90f60d01222e', '7b612a4fba09501e8cbe3fada9729c5b');
INSERT INTO `GHEALTH_AUTHORITY_RESOURCE` (`AUTHORITY_ID`, `RESOURCE_ID`) VALUES ('159b51ced6f454569b33c7da5ad71049', '47f082146be55f448c77d55d0bc81cbe');



# 代理产品
INSERT INTO `GHEALTH_AUTHORITY` (`ID`, `PARENT_ID`, `CODE`, `NAME`, `SORT`) VALUES ('f3b27d49a00e58f0a8247578a4a7ea63', '1ed9671a560152dcbeaed348380b2cac', 'AGENCY.PRODUCTAGENT', '代理产品', 2);
INSERT INTO `GHEALTH_AUTHORITY` (`ID`, `PARENT_ID`, `CODE`, `NAME`, `SORT`) VALUES ('cd42f09966ef57cca81c0074872e2a5c', 'f3b27d49a00e58f0a8247578a4a7ea63', 'AGENCY.PRODUCTAGENT.DISPLAY', '查询代理产品', 1);
INSERT INTO `GHEALTH_AUTHORITY` (`ID`, `PARENT_ID`, `CODE`, `NAME`, `SORT`) VALUES ('1d24726946ff5584adc4816818aa236a', 'f3b27d49a00e58f0a8247578a4a7ea63', 'AGENCY.PRODUCTAGENT.DISTRIBUTE', '分配代理', 2);

INSERT INTO `GHEALTH_RESOURCE` (`ID`, `NAME`, `URI`) VALUES ('9b464dee23765be4a556cf3130d433e8', '代理产品列表', '/productAgent/list.jsp');
INSERT INTO `GHEALTH_RESOURCE` (`ID`, `NAME`, `URI`) VALUES ('800e8a273254504eb2d17e8e6412d988', '分配代理', '/productAgent/distribute.jsp');


INSERT INTO `GHEALTH_AUTHORITY_RESOURCE` (`AUTHORITY_ID`, `RESOURCE_ID`) VALUES ('cd42f09966ef57cca81c0074872e2a5c', '9b464dee23765be4a556cf3130d433e8');
INSERT INTO `GHEALTH_AUTHORITY_RESOURCE` (`AUTHORITY_ID`, `RESOURCE_ID`) VALUES ('1d24726946ff5584adc4816818aa236a', '800e8a273254504eb2d17e8e6412d988');

# 账单明细
INSERT INTO `GHEALTH_AUTHORITY` (`ID`, `PARENT_ID`, `CODE`, `NAME`, `SORT`) VALUES ('6f4a14eb5d6340268c073cbe79091d72', '1ed9671a560152dcbeaed348380b2cac', 'AGENCY.AGENCYBILL', '账单明细', 2);
INSERT INTO `GHEALTH_AUTHORITY` (`ID`, `PARENT_ID`, `CODE`, `NAME`, `SORT`) VALUES ('4faa42cc138c43afa3021cfab4814516', '6f4a14eb5d6340268c073cbe79091d72', 'AGENCY.AGENCYBILL.DISPLAY', '查询账单', 1);
INSERT INTO `GHEALTH_AUTHORITY` (`ID`, `PARENT_ID`, `CODE`, `NAME`, `SORT`) VALUES ('61cb75fef1934cef82373d9dfc7a1223', '6f4a14eb5d6340268c073cbe79091d72', 'AGENCY.AGENCYBILL.AGENCYBILLDOWNLOAD', '账单导出', 2);

INSERT INTO `GHEALTH_RESOURCE` (`ID`, `NAME`, `URI`) VALUES ('d3d34b4884bf492b905cf6b3b49afca2', '账单列表', '/agencyBill/list.jsp');
INSERT INTO `GHEALTH_RESOURCE` (`ID`, `NAME`, `URI`) VALUES ('f921a610b0e5458e93f0efab397a0fe2', '导出账单', '/agencyBill/agencyBillDownload.jsp');
INSERT INTO `GHEALTH_RESOURCE` (`ID`, `NAME`, `URI`) VALUES ('d0c272c5481c44ad93df120bd88b8d6b', '详情', '/order/display.jsp');

INSERT INTO `GHEALTH_AUTHORITY_RESOURCE` (`AUTHORITY_ID`, `RESOURCE_ID`) VALUES ('4faa42cc138c43afa3021cfab4814516', 'd3d34b4884bf492b905cf6b3b49afca2');
INSERT INTO `GHEALTH_AUTHORITY_RESOURCE` (`AUTHORITY_ID`, `RESOURCE_ID`) VALUES ('61cb75fef1934cef82373d9dfc7a1223', 'f921a610b0e5458e93f0efab397a0fe2');
INSERT INTO `GHEALTH_AUTHORITY_RESOURCE` (`AUTHORITY_ID`, `RESOURCE_ID`) VALUES ('4faa42cc138c43afa3021cfab4814516', 'd0c272c5481c44ad93df120bd88b8d6b');


# 产品管理
INSERT INTO `GHEALTH_AUTHORITY` (`ID`, `PARENT_ID`, `CODE`, `NAME`, `SORT`) VALUES ('79f0228892fe587a855ff5c58f80a7d8', NULL, 'PRODUCT', '产品管理', 3);

# 检测产品
INSERT INTO `GHEALTH_AUTHORITY` (`ID`, `PARENT_ID`, `CODE`, `NAME`, `SORT`) VALUES ('6464860710d35ec9be0f61b0a8790300', '79f0228892fe587a855ff5c58f80a7d8', 'PRODUCT.PRODUCT', '检测产品', 1);
INSERT INTO `GHEALTH_AUTHORITY` (`ID`, `PARENT_ID`, `CODE`, `NAME`, `SORT`) VALUES ('952c77707fdf5f1099d6fdb824c68323', '6464860710d35ec9be0f61b0a8790300', 'PRODUCT.PRODUCT.CREATE', '新增检测产品', 1);
INSERT INTO `GHEALTH_AUTHORITY` (`ID`, `PARENT_ID`, `CODE`, `NAME`, `SORT`) VALUES ('0ee1c53cd68b554b89c3802e348763b4', '6464860710d35ec9be0f61b0a8790300', 'PRODUCT.PRODUCT.MODIFY', '修改检测产品', 2);
INSERT INTO `GHEALTH_AUTHORITY` (`ID`, `PARENT_ID`, `CODE`, `NAME`, `SORT`) VALUES ('84d16345f0e85a769915ee6baa9b01c8', '6464860710d35ec9be0f61b0a8790300', 'PRODUCT.PRODUCT.DELETE', '删除检测产品', 3);
INSERT INTO `GHEALTH_AUTHORITY` (`ID`, `PARENT_ID`, `CODE`, `NAME`, `SORT`) VALUES ('799ab64f524e589a8e22f6864082d19f', '6464860710d35ec9be0f61b0a8790300', 'PRODUCT.PRODUCT.DISPLAY', '查询检测产品', 4);


INSERT INTO `GHEALTH_RESOURCE` (`ID`, `NAME`, `URI`) VALUES ('70342c16723356abb58494ca394a4871', '新增检测产品', '/product/create.jsp');
INSERT INTO `GHEALTH_RESOURCE` (`ID`, `NAME`, `URI`) VALUES ('0d83933261415898b32f0eacc4929e6a', '修改检测产品', '/product/modify.jsp');
INSERT INTO `GHEALTH_RESOURCE` (`ID`, `NAME`, `URI`) VALUES ('66ed120686e35319b03cb28a71e5768f', '删除检测产品', '/product/delete.jsp');
INSERT INTO `GHEALTH_RESOURCE` (`ID`, `NAME`, `URI`) VALUES ('e066fc7d595d50b5ac98ca6ffe132ef8', '检测产品列表', '/product/list.jsp');
INSERT INTO `GHEALTH_RESOURCE` (`ID`, `NAME`, `URI`) VALUES ('6f1ae651ff0d5625ba02e0b3a356f5d3', '检测产品详情', '/product/display.jsp');


INSERT INTO `GHEALTH_AUTHORITY_RESOURCE` (`AUTHORITY_ID`, `RESOURCE_ID`) VALUES ('952c77707fdf5f1099d6fdb824c68323', '70342c16723356abb58494ca394a4871');
INSERT INTO `GHEALTH_AUTHORITY_RESOURCE` (`AUTHORITY_ID`, `RESOURCE_ID`) VALUES ('0ee1c53cd68b554b89c3802e348763b4', '0d83933261415898b32f0eacc4929e6a');
INSERT INTO `GHEALTH_AUTHORITY_RESOURCE` (`AUTHORITY_ID`, `RESOURCE_ID`) VALUES ('84d16345f0e85a769915ee6baa9b01c8', '66ed120686e35319b03cb28a71e5768f');
INSERT INTO `GHEALTH_AUTHORITY_RESOURCE` (`AUTHORITY_ID`, `RESOURCE_ID`) VALUES ('799ab64f524e589a8e22f6864082d19f', 'e066fc7d595d50b5ac98ca6ffe132ef8');
INSERT INTO `GHEALTH_AUTHORITY_RESOURCE` (`AUTHORITY_ID`, `RESOURCE_ID`) VALUES ('799ab64f524e589a8e22f6864082d19f', '6f1ae651ff0d5625ba02e0b3a356f5d3');



# 检测项目
INSERT INTO `GHEALTH_AUTHORITY` (`ID`, `PARENT_ID`, `CODE`, `NAME`, `SORT`) VALUES ('23dfe856c79e5f8ea1b5e24a1e475756', '79f0228892fe587a855ff5c58f80a7d8', 'PRODUCT.ITEM', '检测项目', 2);
INSERT INTO `GHEALTH_AUTHORITY` (`ID`, `PARENT_ID`, `CODE`, `NAME`, `SORT`) VALUES ('1c5b3d1f5821554793fb4b8e3af1474c', '23dfe856c79e5f8ea1b5e24a1e475756', 'PRODUCT.ITEM.CREATE', '新增检测项目', 1);
INSERT INTO `GHEALTH_AUTHORITY` (`ID`, `PARENT_ID`, `CODE`, `NAME`, `SORT`) VALUES ('4e92cb6db7db58448b77a04a4c3a59d7', '23dfe856c79e5f8ea1b5e24a1e475756', 'PRODUCT.ITEM.MODIFY', '修改检测项目', 2);
INSERT INTO `GHEALTH_AUTHORITY` (`ID`, `PARENT_ID`, `CODE`, `NAME`, `SORT`) VALUES ('2c076e8b48365baf855eb7cc7c0c8c21', '23dfe856c79e5f8ea1b5e24a1e475756', 'PRODUCT.ITEM.DELETE', '删除检测项目', 3);
INSERT INTO `GHEALTH_AUTHORITY` (`ID`, `PARENT_ID`, `CODE`, `NAME`, `SORT`) VALUES ('a02025368c4952f4ae1fc9d98502358a', '23dfe856c79e5f8ea1b5e24a1e475756', 'PRODUCT.ITEM.DISPLAY', '查询检测项目', 4);


INSERT INTO `GHEALTH_RESOURCE` (`ID`, `NAME`, `URI`) VALUES ('a585c59973365ae1b05463cb97b65821', '新增检测项目', '/item/create.jsp');
INSERT INTO `GHEALTH_RESOURCE` (`ID`, `NAME`, `URI`) VALUES ('cf2de0f153d1522880fdb1013397cedd', '修改检测项目', '/item/modify.jsp');
INSERT INTO `GHEALTH_RESOURCE` (`ID`, `NAME`, `URI`) VALUES ('fb44d56647945e79a7bb467be9f690da', '删除检测项目', '/item/delete.jsp');
INSERT INTO `GHEALTH_RESOURCE` (`ID`, `NAME`, `URI`) VALUES ('76e42f2a512a5aec8c3b6bff4511ad53', '检测项目列表', '/item/list.jsp');
INSERT INTO `GHEALTH_RESOURCE` (`ID`, `NAME`, `URI`) VALUES ('20592f0289135626a522bf1d42a5d95e', '检测项目详情', '/item/display.jsp');


INSERT INTO `GHEALTH_AUTHORITY_RESOURCE` (`AUTHORITY_ID`, `RESOURCE_ID`) VALUES ('1c5b3d1f5821554793fb4b8e3af1474c', 'a585c59973365ae1b05463cb97b65821');
INSERT INTO `GHEALTH_AUTHORITY_RESOURCE` (`AUTHORITY_ID`, `RESOURCE_ID`) VALUES ('4e92cb6db7db58448b77a04a4c3a59d7', 'cf2de0f153d1522880fdb1013397cedd');
INSERT INTO `GHEALTH_AUTHORITY_RESOURCE` (`AUTHORITY_ID`, `RESOURCE_ID`) VALUES ('2c076e8b48365baf855eb7cc7c0c8c21', 'fb44d56647945e79a7bb467be9f690da');
INSERT INTO `GHEALTH_AUTHORITY_RESOURCE` (`AUTHORITY_ID`, `RESOURCE_ID`) VALUES ('a02025368c4952f4ae1fc9d98502358a', '76e42f2a512a5aec8c3b6bff4511ad53');
INSERT INTO `GHEALTH_AUTHORITY_RESOURCE` (`AUTHORITY_ID`, `RESOURCE_ID`) VALUES ('a02025368c4952f4ae1fc9d98502358a', '20592f0289135626a522bf1d42a5d95e');



# 参数评估
INSERT INTO `GHEALTH_AUTHORITY` (`ID`, `PARENT_ID`, `CODE`, `NAME`, `SORT`) VALUES ('0b9721d2234159d2a3083c6c4cad10df', '79f0228892fe587a855ff5c58f80a7d8', 'PRODUCT.ITEMLOCUS', '参数评估', 3);
INSERT INTO `GHEALTH_AUTHORITY` (`ID`, `PARENT_ID`, `CODE`, `NAME`, `SORT`) VALUES ('23a098159ea15786900c73520678317d', '0b9721d2234159d2a3083c6c4cad10df', 'PRODUCT.ITEMLOCUS.CREATE', '新增参数评估', 1);
INSERT INTO `GHEALTH_AUTHORITY` (`ID`, `PARENT_ID`, `CODE`, `NAME`, `SORT`) VALUES ('c0bc0c5e3ae557759fc1cdced4ce4ba2', '0b9721d2234159d2a3083c6c4cad10df', 'PRODUCT.ITEMLOCUS.MODIFY', '修改参数评估', 2);
INSERT INTO `GHEALTH_AUTHORITY` (`ID`, `PARENT_ID`, `CODE`, `NAME`, `SORT`) VALUES ('8db764558999576c8a0420443613bb77', '0b9721d2234159d2a3083c6c4cad10df', 'PRODUCT.ITEMLOCUS.DELETE', '删除参数评估', 3);
INSERT INTO `GHEALTH_AUTHORITY` (`ID`, `PARENT_ID`, `CODE`, `NAME`, `SORT`) VALUES ('619745af3e29568685e88f3476158c50', '0b9721d2234159d2a3083c6c4cad10df', 'PRODUCT.ITEMLOCUS.DISPLAY', '查询参数评估', 4);

INSERT INTO `GHEALTH_RESOURCE` (`ID`, `NAME`, `URI`) VALUES ('888f94174dfb50c5ac14d938dc340d8d', '新增参数评估', '/item-locus/create.jsp');
INSERT INTO `GHEALTH_RESOURCE` (`ID`, `NAME`, `URI`) VALUES ('2645ccd179265afc9030deb74539c1b8', '修改参数评估', '/item-locus/modify.jsp');
INSERT INTO `GHEALTH_RESOURCE` (`ID`, `NAME`, `URI`) VALUES ('eca558f46eff5858893dfe1e4f1a0039', '删除参数评估', '/item-locus/delete.jsp');
INSERT INTO `GHEALTH_RESOURCE` (`ID`, `NAME`, `URI`) VALUES ('cdaf8dba59655578b30e698902e28f34', '参数评估列表', '/item-locus/list.jsp');


INSERT INTO `GHEALTH_AUTHORITY_RESOURCE` (`AUTHORITY_ID`, `RESOURCE_ID`) VALUES ('23a098159ea15786900c73520678317d', '888f94174dfb50c5ac14d938dc340d8d');
INSERT INTO `GHEALTH_AUTHORITY_RESOURCE` (`AUTHORITY_ID`, `RESOURCE_ID`) VALUES ('c0bc0c5e3ae557759fc1cdced4ce4ba2', '2645ccd179265afc9030deb74539c1b8');
INSERT INTO `GHEALTH_AUTHORITY_RESOURCE` (`AUTHORITY_ID`, `RESOURCE_ID`) VALUES ('8db764558999576c8a0420443613bb77', 'eca558f46eff5858893dfe1e4f1a0039');
INSERT INTO `GHEALTH_AUTHORITY_RESOURCE` (`AUTHORITY_ID`, `RESOURCE_ID`) VALUES ('619745af3e29568685e88f3476158c50', 'cdaf8dba59655578b30e698902e28f34');



# 报告模板
INSERT INTO `GHEALTH_AUTHORITY` (`ID`, `PARENT_ID`, `CODE`, `NAME`, `SORT`) VALUES ('7e466d80d95853048b3cdbe63284f155', '79f0228892fe587a855ff5c58f80a7d8', 'PRODUCT.REPORTTEMPLATE', '报告模板', 4);
INSERT INTO `GHEALTH_AUTHORITY` (`ID`, `PARENT_ID`, `CODE`, `NAME`, `SORT`) VALUES ('dead7aa2278a5d1ca2cf268101d2df80', '7e466d80d95853048b3cdbe63284f155', 'PRODUCT.REPORTTEMPLATE.CREATE', '新增报告模板', 1);
INSERT INTO `GHEALTH_AUTHORITY` (`ID`, `PARENT_ID`, `CODE`, `NAME`, `SORT`) VALUES ('d937c1f6487058ca8e012b2396bd85ff', '7e466d80d95853048b3cdbe63284f155', 'PRODUCT.REPORTTEMPLATE.MODIFY', '修改报告模板', 2);
INSERT INTO `GHEALTH_AUTHORITY` (`ID`, `PARENT_ID`, `CODE`, `NAME`, `SORT`) VALUES ('7e6dfdbd106555dd8a663ec3b2d30a7c', '7e466d80d95853048b3cdbe63284f155', 'PRODUCT.REPORTTEMPLATE.DELETE', '删除报告模板', 3);
INSERT INTO `GHEALTH_AUTHORITY` (`ID`, `PARENT_ID`, `CODE`, `NAME`, `SORT`) VALUES ('8e8078b797d95028a0262882274d144d', '7e466d80d95853048b3cdbe63284f155', 'PRODUCT.REPORTTEMPLATE.DISPLAY', '查询报告模板', 4);
INSERT INTO `GHEALTH_AUTHORITY` (`ID`, `PARENT_ID`, `CODE`, `NAME`, `SORT`) VALUES ('98f951a5125f5f45a03becdb93d5a6dd', '7e466d80d95853048b3cdbe63284f155', 'PRODUCT.REPORTTEMPLATE.DOWNLOAD', '下载报告模板', 5);

INSERT INTO `GHEALTH_RESOURCE` (`ID`, `NAME`, `URI`) VALUES ('ae4a957c88a553a68793c23493bcb05f', '新增报告模板', '/reportTemplate/create.jsp');
INSERT INTO `GHEALTH_RESOURCE` (`ID`, `NAME`, `URI`) VALUES ('c8661d1557205f38b148efea0b928e86', '修改报告模板', '/reportTemplate/modify.jsp');
INSERT INTO `GHEALTH_RESOURCE` (`ID`, `NAME`, `URI`) VALUES ('d94b4259c42b5cd2aac435891e4aee4e', '删除报告模板', '/reportTemplate/delete.jsp');
INSERT INTO `GHEALTH_RESOURCE` (`ID`, `NAME`, `URI`) VALUES ('6eaf876def9f51ff8453fd10561fd6ba', '报告模板列表', '/reportTemplate/list.jsp');
INSERT INTO `GHEALTH_RESOURCE` (`ID`, `NAME`, `URI`) VALUES ('a8acf8206e185c5daafdf632302f35ed', '报告模板下载', '/reportTemplate/download.jsp');

INSERT INTO `GHEALTH_AUTHORITY_RESOURCE` (`AUTHORITY_ID`, `RESOURCE_ID`) VALUES ('dead7aa2278a5d1ca2cf268101d2df80', 'ae4a957c88a553a68793c23493bcb05f');
INSERT INTO `GHEALTH_AUTHORITY_RESOURCE` (`AUTHORITY_ID`, `RESOURCE_ID`) VALUES ('d937c1f6487058ca8e012b2396bd85ff', 'c8661d1557205f38b148efea0b928e86');
INSERT INTO `GHEALTH_AUTHORITY_RESOURCE` (`AUTHORITY_ID`, `RESOURCE_ID`) VALUES ('7e6dfdbd106555dd8a663ec3b2d30a7c', 'd94b4259c42b5cd2aac435891e4aee4e');
INSERT INTO `GHEALTH_AUTHORITY_RESOURCE` (`AUTHORITY_ID`, `RESOURCE_ID`) VALUES ('8e8078b797d95028a0262882274d144d', '6eaf876def9f51ff8453fd10561fd6ba');
INSERT INTO `GHEALTH_AUTHORITY_RESOURCE` (`AUTHORITY_ID`, `RESOURCE_ID`) VALUES ('98f951a5125f5f45a03becdb93d5a6dd', 'a8acf8206e185c5daafdf632302f35ed');



# 知识库
INSERT INTO `GHEALTH_AUTHORITY` (`ID`, `PARENT_ID`, `CODE`, `NAME`, `SORT`) VALUES ('8649bce39de35d4f96a946d286faf1fb', NULL, 'KNOWLEDGEBASE', '知识库', 4);

# 肿瘤档案
INSERT INTO `GHEALTH_AUTHORITY` (`ID`, `PARENT_ID`, `CODE`, `NAME`, `SORT`) VALUES ('fc3ef3a5b3a45f54b48b583ad4d7fcc0', '8649bce39de35d4f96a946d286faf1fb', 'KNOWLEDGEBASE.CANCER', '肿瘤档案', 1);
INSERT INTO `GHEALTH_AUTHORITY` (`ID`, `PARENT_ID`, `CODE`, `NAME`, `SORT`) VALUES ('6b25cc0b29bc5989be1d395efc0729d8', 'fc3ef3a5b3a45f54b48b583ad4d7fcc0', 'KNOWLEDGEBASE.CANCER.CREATE', '新增肿瘤档案', 1);
INSERT INTO `GHEALTH_AUTHORITY` (`ID`, `PARENT_ID`, `CODE`, `NAME`, `SORT`) VALUES ('f11dfb00fae65d29a638fb25648595d7', 'fc3ef3a5b3a45f54b48b583ad4d7fcc0', 'KNOWLEDGEBASE.CANCER.MODIFY', '修改肿瘤档案', 2);
INSERT INTO `GHEALTH_AUTHORITY` (`ID`, `PARENT_ID`, `CODE`, `NAME`, `SORT`) VALUES ('8ce3afbc64e0529fa2ebd378f34b50a3', 'fc3ef3a5b3a45f54b48b583ad4d7fcc0', 'KNOWLEDGEBASE.CANCER.DELETE', '删除肿瘤档案', 3);
INSERT INTO `GHEALTH_AUTHORITY` (`ID`, `PARENT_ID`, `CODE`, `NAME`, `SORT`) VALUES ('bea78de80363565980361e23712b4b41', 'fc3ef3a5b3a45f54b48b583ad4d7fcc0', 'KNOWLEDGEBASE.CANCER.DISPLAY', '查询肿瘤档案', 4);


INSERT INTO `GHEALTH_RESOURCE` (`ID`, `NAME`, `URI`) VALUES ('5ae434825e9e5944b1bb4d40b006483e', '新增肿瘤档案', '/cancer/create.jsp');
INSERT INTO `GHEALTH_RESOURCE` (`ID`, `NAME`, `URI`) VALUES ('5377ba7c9884595cac18d369983b32a2', '修改肿瘤档案', '/cancer/modify.jsp');
INSERT INTO `GHEALTH_RESOURCE` (`ID`, `NAME`, `URI`) VALUES ('4d2c28945fc95ac3af499993dc39908b', '删除肿瘤档案', '/cancer/delete.jsp');
INSERT INTO `GHEALTH_RESOURCE` (`ID`, `NAME`, `URI`) VALUES ('0bcb4c1f41555487a9c1dd1970aad690', '肿瘤档案列表', '/cancer/list.jsp');
INSERT INTO `GHEALTH_RESOURCE` (`ID`, `NAME`, `URI`) VALUES ('ca7e489366d15376bbafe60fade5b715', '肿瘤档案详情', '/cancer/display.jsp');

INSERT INTO `GHEALTH_AUTHORITY_RESOURCE` (`AUTHORITY_ID`, `RESOURCE_ID`) VALUES ('6b25cc0b29bc5989be1d395efc0729d8', '5ae434825e9e5944b1bb4d40b006483e');
INSERT INTO `GHEALTH_AUTHORITY_RESOURCE` (`AUTHORITY_ID`, `RESOURCE_ID`) VALUES ('f11dfb00fae65d29a638fb25648595d7', '5377ba7c9884595cac18d369983b32a2');
INSERT INTO `GHEALTH_AUTHORITY_RESOURCE` (`AUTHORITY_ID`, `RESOURCE_ID`) VALUES ('8ce3afbc64e0529fa2ebd378f34b50a3', '4d2c28945fc95ac3af499993dc39908b');
INSERT INTO `GHEALTH_AUTHORITY_RESOURCE` (`AUTHORITY_ID`, `RESOURCE_ID`) VALUES ('bea78de80363565980361e23712b4b41', '0bcb4c1f41555487a9c1dd1970aad690');
INSERT INTO `GHEALTH_AUTHORITY_RESOURCE` (`AUTHORITY_ID`, `RESOURCE_ID`) VALUES ('bea78de80363565980361e23712b4b41', 'ca7e489366d15376bbafe60fade5b715');


# 基因档案
INSERT INTO `GHEALTH_AUTHORITY` (`ID`, `PARENT_ID`, `CODE`, `NAME`, `SORT`) VALUES ('1c09442d36065194b5c480c53218b849', '8649bce39de35d4f96a946d286faf1fb', 'KNOWLEDGEBASE.GENE', '基因档案', 2);
INSERT INTO `GHEALTH_AUTHORITY` (`ID`, `PARENT_ID`, `CODE`, `NAME`, `SORT`) VALUES ('8be47111dd9459a599dcae5c08d85146', '1c09442d36065194b5c480c53218b849', 'KNOWLEDGEBASE.GENE.CREATE', '新增基因档案', 1);
INSERT INTO `GHEALTH_AUTHORITY` (`ID`, `PARENT_ID`, `CODE`, `NAME`, `SORT`) VALUES ('a10deefe02fc5c4ea042d16a6cce8324', '1c09442d36065194b5c480c53218b849', 'KNOWLEDGEBASE.GENE.MODIFY', '修改基因档案', 2);
INSERT INTO `GHEALTH_AUTHORITY` (`ID`, `PARENT_ID`, `CODE`, `NAME`, `SORT`) VALUES ('b7b8a671bdff5c10962a02898d8197a5', '1c09442d36065194b5c480c53218b849', 'KNOWLEDGEBASE.GENE.DELETE', '删除基因档案', 3);
INSERT INTO `GHEALTH_AUTHORITY` (`ID`, `PARENT_ID`, `CODE`, `NAME`, `SORT`) VALUES ('3b364221976a535ba5aa362327012712', '1c09442d36065194b5c480c53218b849', 'KNOWLEDGEBASE.GENE.DISPLAY', '查询基因档案', 4);


INSERT INTO `GHEALTH_RESOURCE` (`ID`, `NAME`, `URI`) VALUES ('7fc646349aaf5d6e9ed22056be7d8e0e', '新增基因档案', '/gene/create.jsp');
INSERT INTO `GHEALTH_RESOURCE` (`ID`, `NAME`, `URI`) VALUES ('b19e4e2ad7b658f18d0c1e0583ba75c3', '修改基因档案', '/gene/modify.jsp');
INSERT INTO `GHEALTH_RESOURCE` (`ID`, `NAME`, `URI`) VALUES ('b2895b69e4e95ebb9c43dcad8bbc6af4', '删除基因档案', '/gene/delete.jsp');
INSERT INTO `GHEALTH_RESOURCE` (`ID`, `NAME`, `URI`) VALUES ('bf5c3fb24af55f1f9ccd0ce41400d706', '基因档案列表', '/gene/list.jsp');
INSERT INTO `GHEALTH_RESOURCE` (`ID`, `NAME`, `URI`) VALUES ('0b37ca06f9395b77bc421ce4dd49b1ed', '基因档案详情', '/gene/display.jsp');

INSERT INTO `GHEALTH_AUTHORITY_RESOURCE` (`AUTHORITY_ID`, `RESOURCE_ID`) VALUES ('8be47111dd9459a599dcae5c08d85146', '7fc646349aaf5d6e9ed22056be7d8e0e');
INSERT INTO `GHEALTH_AUTHORITY_RESOURCE` (`AUTHORITY_ID`, `RESOURCE_ID`) VALUES ('a10deefe02fc5c4ea042d16a6cce8324', 'b19e4e2ad7b658f18d0c1e0583ba75c3');
INSERT INTO `GHEALTH_AUTHORITY_RESOURCE` (`AUTHORITY_ID`, `RESOURCE_ID`) VALUES ('b7b8a671bdff5c10962a02898d8197a5', 'b2895b69e4e95ebb9c43dcad8bbc6af4');
INSERT INTO `GHEALTH_AUTHORITY_RESOURCE` (`AUTHORITY_ID`, `RESOURCE_ID`) VALUES ('3b364221976a535ba5aa362327012712', 'bf5c3fb24af55f1f9ccd0ce41400d706');
INSERT INTO `GHEALTH_AUTHORITY_RESOURCE` (`AUTHORITY_ID`, `RESOURCE_ID`) VALUES ('3b364221976a535ba5aa362327012712', '0b37ca06f9395b77bc421ce4dd49b1ed');



# 位点档案
INSERT INTO `GHEALTH_AUTHORITY` (`ID`, `PARENT_ID`, `CODE`, `NAME`, `SORT`) VALUES ('bce3e1d9c4095a709521fc6c45257eb7', '8649bce39de35d4f96a946d286faf1fb', 'KNOWLEDGEBASE.LOCUS', '位点档案', 3);
INSERT INTO `GHEALTH_AUTHORITY` (`ID`, `PARENT_ID`, `CODE`, `NAME`, `SORT`) VALUES ('c2e4c592a8105e3e80894df8a1a688ec', 'bce3e1d9c4095a709521fc6c45257eb7', 'KNOWLEDGEBASE.LOCUS.CREATE', '新增位点档案', 1);
INSERT INTO `GHEALTH_AUTHORITY` (`ID`, `PARENT_ID`, `CODE`, `NAME`, `SORT`) VALUES ('2846947368a258dfbadd0934f2fafd80', 'bce3e1d9c4095a709521fc6c45257eb7', 'KNOWLEDGEBASE.LOCUS.MODIFY', '修改位点档案', 2);
INSERT INTO `GHEALTH_AUTHORITY` (`ID`, `PARENT_ID`, `CODE`, `NAME`, `SORT`) VALUES ('a38e43f01b1953cb99024e248cfabfc3', 'bce3e1d9c4095a709521fc6c45257eb7', 'KNOWLEDGEBASE.LOCUS.DELETE', '删除位点档案', 3);
INSERT INTO `GHEALTH_AUTHORITY` (`ID`, `PARENT_ID`, `CODE`, `NAME`, `SORT`) VALUES ('ec251e9f474359d2bc92722e8b586d5d', 'bce3e1d9c4095a709521fc6c45257eb7', 'KNOWLEDGEBASE.LOCUS.DISPLAY', '查询位点档案', 4);


INSERT INTO `GHEALTH_RESOURCE` (`ID`, `NAME`, `URI`) VALUES ('7d26af2ac1c35432a8227d9537365317', '新增位点档案', '/locus/create.jsp');
INSERT INTO `GHEALTH_RESOURCE` (`ID`, `NAME`, `URI`) VALUES ('665549bc0e44565088ecf06c4f2b7ea0', '修改位点档案', '/locus/modify.jsp');
INSERT INTO `GHEALTH_RESOURCE` (`ID`, `NAME`, `URI`) VALUES ('c1bb0fb602125df3b20e87c78d4b42d7', '删除位点档案', '/locus/delete.jsp');
INSERT INTO `GHEALTH_RESOURCE` (`ID`, `NAME`, `URI`) VALUES ('64915723c5825adc9232eae5f9193c27', '位点档案列表', '/locus/list.jsp');
INSERT INTO `GHEALTH_RESOURCE` (`ID`, `NAME`, `URI`) VALUES ('4ddc23ad301f517291d35bdc5f9289e8', '位点档案详情', '/locus/display.jsp');

INSERT INTO `GHEALTH_AUTHORITY_RESOURCE` (`AUTHORITY_ID`, `RESOURCE_ID`) VALUES ('c2e4c592a8105e3e80894df8a1a688ec', '7d26af2ac1c35432a8227d9537365317');
INSERT INTO `GHEALTH_AUTHORITY_RESOURCE` (`AUTHORITY_ID`, `RESOURCE_ID`) VALUES ('2846947368a258dfbadd0934f2fafd80', '665549bc0e44565088ecf06c4f2b7ea0');
INSERT INTO `GHEALTH_AUTHORITY_RESOURCE` (`AUTHORITY_ID`, `RESOURCE_ID`) VALUES ('a38e43f01b1953cb99024e248cfabfc3', 'c1bb0fb602125df3b20e87c78d4b42d7');
INSERT INTO `GHEALTH_AUTHORITY_RESOURCE` (`AUTHORITY_ID`, `RESOURCE_ID`) VALUES ('ec251e9f474359d2bc92722e8b586d5d', '64915723c5825adc9232eae5f9193c27');
INSERT INTO `GHEALTH_AUTHORITY_RESOURCE` (`AUTHORITY_ID`, `RESOURCE_ID`) VALUES ('ec251e9f474359d2bc92722e8b586d5d', '4ddc23ad301f517291d35bdc5f9289e8');


