# 短信通知
INSERT INTO `GHEALTH_AUTHORITY` (`ID`, `PARENT_ID`, `CODE`, `NAME`, `SORT`) VALUES ('ffe3b21ec2cb41fdbcf21b167e9b3428', '1ed9671a560152dcbeaed348380b2cac', 'AGENCY.SHORTMESSAGE', '短信通知', 4);
INSERT INTO `GHEALTH_AUTHORITY` (`ID`, `PARENT_ID`, `CODE`, `NAME`, `SORT`) VALUES ('ae651750eb9d4af8b77f1bba2ed4a3ad', 'ffe3b21ec2cb41fdbcf21b167e9b3428', 'AGENCY.SHORTMESSAGE.CREATE', '新增短信通知', 1);
INSERT INTO `GHEALTH_AUTHORITY` (`ID`, `PARENT_ID`, `CODE`, `NAME`, `SORT`) VALUES ('dacf51cc5338484d90719ff191684fd4', 'ffe3b21ec2cb41fdbcf21b167e9b3428', 'AGENCY.SHORTMESSAGE.MODIFY', '修改短信通知', 2);
INSERT INTO `GHEALTH_AUTHORITY` (`ID`, `PARENT_ID`, `CODE`, `NAME`, `SORT`) VALUES ('c2bead5787374820bc4ce41eca815cf3', 'ffe3b21ec2cb41fdbcf21b167e9b3428', 'AGENCY.SHORTMESSAGE.DELETE', '删除短信通知', 3);
INSERT INTO `GHEALTH_AUTHORITY` (`ID`, `PARENT_ID`, `CODE`, `NAME`, `SORT`) VALUES ('0edb29f54cff416fa6fb2774df05e0db', 'ffe3b21ec2cb41fdbcf21b167e9b3428', 'AGENCY.SHORTMESSAGE.DISPLAY', '查询短信通知', 4);

INSERT INTO `GHEALTH_RESOURCE` (`ID`, `NAME`, `URI`) VALUES ('aca26be854824e609ef5fbbf3c2b5cad', '新增短信通知', '/shortMessage/create.jsp');
INSERT INTO `GHEALTH_RESOURCE` (`ID`, `NAME`, `URI`) VALUES ('89671018dd0246d89863c21119eae669', '修改短信通知', '/shortMessage/modify.jsp');
INSERT INTO `GHEALTH_RESOURCE` (`ID`, `NAME`, `URI`) VALUES ('fafc66cccab34c29998e17e4e26f5681', '删除短信通知', '/shortMessage/delete.jsp');
INSERT INTO `GHEALTH_RESOURCE` (`ID`, `NAME`, `URI`) VALUES ('5233b052c52443e6938dcf4a372a89da', '短信通知列表', '/shortMessage/list.jsp');



INSERT INTO `GHEALTH_AUTHORITY_RESOURCE` (`AUTHORITY_ID`, `RESOURCE_ID`) VALUES ('ae651750eb9d4af8b77f1bba2ed4a3ad', 'aca26be854824e609ef5fbbf3c2b5cad');
INSERT INTO `GHEALTH_AUTHORITY_RESOURCE` (`AUTHORITY_ID`, `RESOURCE_ID`) VALUES ('dacf51cc5338484d90719ff191684fd4', '89671018dd0246d89863c21119eae669');
INSERT INTO `GHEALTH_AUTHORITY_RESOURCE` (`AUTHORITY_ID`, `RESOURCE_ID`) VALUES ('c2bead5787374820bc4ce41eca815cf3', 'fafc66cccab34c29998e17e4e26f5681');
INSERT INTO `GHEALTH_AUTHORITY_RESOURCE` (`AUTHORITY_ID`, `RESOURCE_ID`) VALUES ('0edb29f54cff416fa6fb2774df05e0db', '5233b052c52443e6938dcf4a372a89da');

# 代理统计
INSERT INTO `GHEALTH_AUTHORITY` (`ID`, `PARENT_ID`, `CODE`, `NAME`, `SORT`) VALUES ('9034531db9a34fe58d7a259979d18c03', '1ed9671a560152dcbeaed348380b2cac', 'AGENCY.STATISTICS', '代理统计', 5);
INSERT INTO `GHEALTH_AUTHORITY` (`ID`, `PARENT_ID`, `CODE`, `NAME`, `SORT`) VALUES ('2bc4f467c66c45e7a38852b0fedce393', '9034531db9a34fe58d7a259979d18c03', 'AGENCY.STATISTICS.DOWNLOAD', '下载', 1);
INSERT INTO `GHEALTH_AUTHORITY` (`ID`, `PARENT_ID`, `CODE`, `NAME`, `SORT`) VALUES ('6029414bfc3442839dcec5fcf0ea2b49', '9034531db9a34fe58d7a259979d18c03', 'AGENCY.STATISTICS.DISPLAY', '查询代理统计', 2);

INSERT INTO `GHEALTH_RESOURCE` (`ID`, `NAME`, `URI`) VALUES ('2c4e0fcd073c4bd89f1bfbdccad3905b', '导出', '/statistics/statisticsDownload.jsp');
INSERT INTO `GHEALTH_RESOURCE` (`ID`, `NAME`, `URI`) VALUES ('6f9b74ead7b945559fcb7f3114da63c4', '代理统计列表', '/statistics/list.jsp');



INSERT INTO `GHEALTH_AUTHORITY_RESOURCE` (`AUTHORITY_ID`, `RESOURCE_ID`) VALUES ('2bc4f467c66c45e7a38852b0fedce393', '2c4e0fcd073c4bd89f1bfbdccad3905b');
INSERT INTO `GHEALTH_AUTHORITY_RESOURCE` (`AUTHORITY_ID`, `RESOURCE_ID`) VALUES ('6029414bfc3442839dcec5fcf0ea2b49', '6f9b74ead7b945559fcb7f3114da63c4');



# 邮件配置
INSERT INTO `GHEALTH_AUTHORITY` (`ID`, `PARENT_ID`, `CODE`, `NAME`, `SORT`) VALUES ('bd641f865ed14df098b09364cd64d51d', '1ed9671a560152dcbeaed348380b2cac', 'AGENCY.EMAIL', '邮件配置', 6);
INSERT INTO `GHEALTH_AUTHORITY` (`ID`, `PARENT_ID`, `CODE`, `NAME`, `SORT`) VALUES ('ef9a23a876284f1fbf9ac38800fc8c54', 'bd641f865ed14df098b09364cd64d51d', 'AGENCY.EMAIL.CREATE', '新增邮件配置', 1);
INSERT INTO `GHEALTH_AUTHORITY` (`ID`, `PARENT_ID`, `CODE`, `NAME`, `SORT`) VALUES ('9729a0b4216947e1ac1a8e5db347363d', 'bd641f865ed14df098b09364cd64d51d', 'AGENCY.EMAIL.MODIFY', '修改邮件配置', 2);
INSERT INTO `GHEALTH_AUTHORITY` (`ID`, `PARENT_ID`, `CODE`, `NAME`, `SORT`) VALUES ('860e061acc0742eaa5497e9ab7097aba', 'bd641f865ed14df098b09364cd64d51d', 'AGENCY.EMAIL.DELETE', '删除邮件配置', 3);
INSERT INTO `GHEALTH_AUTHORITY` (`ID`, `PARENT_ID`, `CODE`, `NAME`, `SORT`) VALUES ('150c5104f3bc48089d4f77db790fe2f4', 'bd641f865ed14df098b09364cd64d51d', 'AGENCY.EMAIL.DISPLAY', '查询邮件配置', 4);

INSERT INTO `GHEALTH_RESOURCE` (`ID`, `NAME`, `URI`) VALUES ('db6b2837a77146af99f85b93a8772f63', '新增短信通知', '/email/create.jsp');
INSERT INTO `GHEALTH_RESOURCE` (`ID`, `NAME`, `URI`) VALUES ('6d7e515048d84146a6bf9cad97fcc4be', '修改短信通知', '/email/modify.jsp');
INSERT INTO `GHEALTH_RESOURCE` (`ID`, `NAME`, `URI`) VALUES ('456ed7069f7c451b8e7ff7f7c472ace4', '删除短信通知', '/email/delete.jsp');
INSERT INTO `GHEALTH_RESOURCE` (`ID`, `NAME`, `URI`) VALUES ('b036ba17d47f4362bffe60c8f7ef557b', '代理统计列表', '/email/list.jsp');



INSERT INTO `GHEALTH_AUTHORITY_RESOURCE` (`AUTHORITY_ID`, `RESOURCE_ID`) VALUES ('ef9a23a876284f1fbf9ac38800fc8c54', 'db6b2837a77146af99f85b93a8772f63');
INSERT INTO `GHEALTH_AUTHORITY_RESOURCE` (`AUTHORITY_ID`, `RESOURCE_ID`) VALUES ('9729a0b4216947e1ac1a8e5db347363d', '6d7e515048d84146a6bf9cad97fcc4be');
INSERT INTO `GHEALTH_AUTHORITY_RESOURCE` (`AUTHORITY_ID`, `RESOURCE_ID`) VALUES ('860e061acc0742eaa5497e9ab7097aba', '456ed7069f7c451b8e7ff7f7c472ace4');
INSERT INTO `GHEALTH_AUTHORITY_RESOURCE` (`AUTHORITY_ID`, `RESOURCE_ID`) VALUES ('150c5104f3bc48089d4f77db790fe2f4', 'b036ba17d47f4362bffe60c8f7ef557b');